{"cameraMode":{"drawMode":0,"name":"Shaded","section":"Shading Mode"},"sceneLighting":true,"audioPlay":false,"sceneViewState":{"m_AlwaysRefresh":false,"showFog":true,"showSkybox":true,"showFlares":true,"showImageEffects":true,"showParticleSystems":true,"showVisualEffectGraphs":true,"m_FxEnabled":true},"in2DMode":false,"pivot":{"x":10.091532707214356,"y":3.7843363285064699,"z":-1.9379682540893555},"rotation":{"x":0.03300750255584717,"y":-0.6787563562393189,"z":0.030563941225409509,"w":0.7329906225204468},"size":0.8137504458427429,"orthographic":false}