{"cameraMode":{"drawMode":0,"name":"Shaded","section":"Shading Mode"},"sceneLighting":true,"audioPlay":false,"sceneViewState":{"m_AlwaysRefresh":false,"showFog":true,"showSkybox":true,"showFlares":true,"showImageEffects":true,"showParticleSystems":true,"showVisualEffectGraphs":true,"m_FxEnabled":true},"in2DMode":false,"pivot":{"x":0.6032284498214722,"y":0.9131389260292053,"z":-2.61409854888916},"rotation":{"x":0.21393081545829774,"y":-0.2031349390745163,"z":0.045522935688495639,"w":0.9544271230697632},"size":2.0380187034606935,"orthographic":false}