{"cameraMode":{"drawMode":0,"name":"Shaded","section":"Shading Mode"},"sceneLighting":true,"audioPlay":false,"sceneViewState":{"m_AlwaysRefresh":false,"showFog":true,"showSkybox":true,"showFlares":true,"showImageEffects":true,"showParticleSystems":true,"showVisualEffectGraphs":true,"m_FxEnabled":true},"in2DMode":false,"pivot":{"x":1.4490697383880616,"y":17.7729434967041,"z":-26.91530418395996},"rotation":{"x":0.21829572319984437,"y":-0.06117487698793411,"z":0.013717572204768658,"w":0.9739128947257996},"size":0.4330126941204071,"orthographic":false}